main-evaluator	"(123"
main-evaluator	"(123"
main-evaluator	"('{\"name\":\"test\"}'"
main-evaluator	"('[1, 2, 3]'"
main-evaluator	"o MATCH (c:OMClass {uid:\"cls:ServiceDog\"})"
values-evaluator	"o MATCH (c:OMClass {uid:\"cls:ServiceDog\"})"
main-evaluator	"node\n\t\tCALL db.create.setNodeVectorProperty(n, \"name_embedding\", node.name_embedding)"
main-evaluator	"node\n\t\tCALL db.create.setNodeVectorProperty(n, \"name_embedding\", node.name_embedding)"
where-literal	"true: 'value'"
main-evaluator	"'test\\'"
main-evaluator	"(MATCH (n) DELETE n) END"
main-evaluator	"' THEN 'found' ELSE 'not found'"
main-evaluator	"/' THEN 'found' ELSE 'not found'"
main-evaluator	"(MATCH (n) DELETE n) END //' THEN 'found' ELSE 'not found'"
main-evaluator	"'test\\'"
main-evaluator	"\\'x\\' END"
main-evaluator	"' THEN 'found' ELSE 'not found'"
main-evaluator	"/' THEN 'found' ELSE 'not found'"
main-evaluator	"\\'x\\' END //' THEN 'found' ELSE 'not found'"
main-evaluator	"'test\\'"
main-evaluator	"CASE 2"
main-evaluator	"1 | x"
main-evaluator	"1 | x * 2"
where-literal	"1 | x * 2"
main-evaluator	"1 | x"
main-evaluator	"1 | x * 2"
where-literal	"1 | x * 2"
main-evaluator	"1 | x"
main-evaluator	"1 | x * 2"
where-literal	"1 | x * 2"
main-evaluator	"b * c"
main-evaluator	"a * b * c"
main-evaluator	"v\n\t\tORDER BY id DESC\n\t\tSKIP 1\n\t\tLIMIT 2"
values-evaluator	"v\n\t\tORDER BY id DESC\n\t\tSKIP 1\n\t\tLIMIT 2"
main-evaluator	"exists { MATCH (n) }"
main-evaluator	"two * three"
main-evaluator	"one * two * three"
main-evaluator	"null * 5"
values-evaluator	"1"
values-evaluator	"CASE"
values-evaluator	"tostring(tointeger(tostring(val)))"
main-evaluator	"NONEXISTENT_FUNCTION()"
main-evaluator	"b\n\t\t\tSET a.broken"
main-evaluator	"INVALID()"
where-literal	"timestamp()"
where-literal	"true\n\t\t\tCREATE (c:NestedTest {id: 3})"
where-literal	"INVALID()"
where-literal	"INVALID()"
values-evaluator	"null"
values-evaluator	"null"
main-evaluator	"?? weirdsymbols"
set-evaluator	"rawExpression"
main-evaluator	"missing.prop"
where-literal	"toString(42)"
main-evaluator	"*"
main-evaluator	"5 BETWEEN 1"
main-evaluator	"1; RETURN 2"
where-literal	"datetime()"
where-literal	"~ '[invalid'"
where-literal	"~ '[invalid'"
where-literal	"~ 123"
where-literal	"~ 123"
main-evaluator	"n { ."
main-evaluator	", embedding: null }"
main-evaluator	"n { .*, embedding: null }"
main-evaluator	"n { ."
main-evaluator	", embedding: null }"
main-evaluator	"n { .*, embedding: null }"
where-literal	"invalid"
where-literal	"active"
where-literal	"active"
where-literal	"active"
where-literal	"$missing"
where-literal	"$score"
where-literal	"i"
where-literal	"i"
where-literal	"i"
where-literal	"i"
where-literal	"i"
where-literal	"$age"
where-literal	"$age"
values-evaluator	"null"
main-evaluator	"1 RETURN missing"
main-evaluator	"n RETURN missing"
main-evaluator	"n RETURN missing"
where-literal	"~ '.*@gmail\\.com'"
where-literal	"~ '.*@gmail\\.com'"
main-evaluator	"ghost.prop"
main-evaluator	"ghost.prop"
values-evaluator	"[h IN hits"
main-evaluator	"d(connected)"
main-evaluator	"d(connected)"
main-evaluator	"d(connected)"
main-evaluator	"d(connected)"
main-evaluator	"d(connected)"
main-evaluator	"d(connected)"
main-evaluator	"d(connected)"
main-evaluator	"d(connected)"
main-evaluator	"(42"
main-evaluator	"(42"
main-evaluator	"n CALL db.create.setNodeVectorProperty(n, \"name_embedding\", $entity_data.name_embedding)"
main-evaluator	"n.uuid"
main-evaluator	"node CALL db.create.setNodeVectorProperty(n, \"name_embedding\", node.name_embedding)"
main-evaluator	"r.uuid"
where-literal	"edge_uuids"
main-evaluator	"n CALL db.create.setNodeVectorProperty(n, \"name_embedding\", $name_embedding)"
main-evaluator	"n.uuid"
main-evaluator	"DISTINCT\n            e.uuid"
main-evaluator	"DISTINCT\n            n.uuid"
main-evaluator	"DISTINCT\n            c.uuid"
where-literal	"n.group_id"
where-literal	"n.group_id"
main-evaluator	"node CALL db.create.setNodeVectorProperty(n, \"name_embedding\", node.name_embedding)"
main-evaluator	"node CALL db.create.setNodeVectorProperty(n, \"name_embedding\", node.name_embedding)"
main-evaluator	"node CALL db.create.setNodeVectorProperty(n, \"name_embedding\", node.name_embedding)"
main-evaluator	"node CALL db.create.setNodeVectorProperty(n, \"name_embedding\", node.name_embedding)"
main-evaluator	"node CALL db.create.setNodeVectorProperty(n, \"name_embedding\", node.name_embedding)"
main-evaluator	"node CALL db.create.setNodeVectorProperty(n, \"name_embedding\", node.name_embedding)"
main-evaluator	"node CALL db.create.setNodeVectorProperty(n, \"name_embedding\", node.name_embedding)"
main-evaluator	"node CALL db.create.setNodeVectorProperty(n, \"name_embedding\", node.name_embedding)"
main-evaluator	"node CALL db.create.setNodeVectorProperty(n, \"name_embedding\", node.name_embedding)"
main-evaluator	"node CALL db.create.setNodeVectorProperty(n, \"name_embedding\", node.name_embedding)"
main-evaluator	"node CALL db.create.setNodeVectorProperty(n, \"name_embedding\", node.name_embedding)"
main-evaluator	"node CALL db.create.setNodeVectorProperty(n, \"name_embedding\", node.name_embedding)"
main-evaluator	"node CALL db.create.setNodeVectorProperty(n, \"name_embedding\", node.name_embedding)"
main-evaluator	"node CALL db.create.setNodeVectorProperty(n, \"name_embedding\", node.name_embedding)"
main-evaluator	"node CALL db.create.setNodeVectorProperty(n, \"name_embedding\", node.name_embedding)"
main-evaluator	"node CALL db.create.setNodeVectorProperty(n, \"name_embedding\", node.name_embedding)"
main-evaluator	"node CALL db.create.setNodeVectorProperty(n, \"name_embedding\", node.name_embedding)"
main-evaluator	"node CALL db.create.setNodeVectorProperty(n, \"name_embedding\", node.name_embedding)"
main-evaluator	"node CALL db.create.setNodeVectorProperty(n, \"name_embedding\", node.name_embedding)"
main-evaluator	"node CALL db.create.setNodeVectorProperty(n, \"name_embedding\", node.name_embedding)"
main-evaluator	"node CALL db.create.setNodeVectorProperty(n, \"name_embedding\", node.name_embedding)"
main-evaluator	"node CALL db.create.setNodeVectorProperty(n, \"name_embedding\", node.name_embedding)"
main-evaluator	"node CALL db.create.setNodeVectorProperty(n, \"name_embedding\", node.name_embedding)"
main-evaluator	"node CALL db.create.setNodeVectorProperty(n, \"name_embedding\", node.name_embedding)"
main-evaluator	"node CALL db.create.setNodeVectorProperty(n, \"name_embedding\", node.name_embedding)"
main-evaluator	"node CALL db.create.setNodeVectorProperty(n, \"name_embedding\", node.name_embedding)"
main-evaluator	"node CALL db.create.setNodeVectorProperty(n, \"name_embedding\", node.name_embedding)"
main-evaluator	"node CALL db.create.setNodeVectorProperty(n, \"name_embedding\", node.name_embedding)"
main-evaluator	"node CALL db.create.setNodeVectorProperty(n, \"name_embedding\", node.name_embedding)"
main-evaluator	"node CALL db.create.setNodeVectorProperty(n, \"name_embedding\", node.name_embedding)"
main-evaluator	"node CALL db.create.setNodeVectorProperty(n, \"name_embedding\", node.name_embedding)"
main-evaluator	"node CALL db.create.setNodeVectorProperty(n, \"name_embedding\", node.name_embedding)"
main-evaluator	"node CALL db.create.setNodeVectorProperty(n, \"name_embedding\", node.name_embedding)"
main-evaluator	"node CALL db.create.setNodeVectorProperty(n, \"name_embedding\", node.name_embedding)"
main-evaluator	"node CALL db.create.setNodeVectorProperty(n, \"name_embedding\", node.name_embedding)"
main-evaluator	"node CALL db.create.setNodeVectorProperty(n, \"name_embedding\", node.name_embedding)"
main-evaluator	"node CALL db.create.setNodeVectorProperty(n, \"name_embedding\", node.name_embedding)"
main-evaluator	"node CALL db.create.setNodeVectorProperty(n, \"name_embedding\", node.name_embedding)"
main-evaluator	"node CALL db.create.setNodeVectorProperty(n, \"name_embedding\", node.name_embedding)"
main-evaluator	"node CALL db.create.setNodeVectorProperty(n, \"name_embedding\", node.name_embedding)"
main-evaluator	"node CALL db.create.setNodeVectorProperty(n, \"name_embedding\", node.name_embedding)"
main-evaluator	"node CALL db.create.setNodeVectorProperty(n, \"name_embedding\", node.name_embedding)"
main-evaluator	"node CALL db.create.setNodeVectorProperty(n, \"name_embedding\", node.name_embedding)"
main-evaluator	"node CALL db.create.setNodeVectorProperty(n, \"name_embedding\", node.name_embedding)"
main-evaluator	"node CALL db.create.setNodeVectorProperty(n, \"name_embedding\", node.name_embedding)"
main-evaluator	"node CALL db.create.setNodeVectorProperty(n, \"name_embedding\", node.name_embedding)"
main-evaluator	"node CALL db.create.setNodeVectorProperty(n, \"name_embedding\", node.name_embedding)"
main-evaluator	"node CALL db.create.setNodeVectorProperty(n, \"name_embedding\", node.name_embedding)"
main-evaluator	"node CALL db.create.setNodeVectorProperty(n, \"name_embedding\", node.name_embedding)"
main-evaluator	"node CALL db.create.setNodeVectorProperty(n, \"name_embedding\", node.name_embedding)"
main-evaluator	"node CALL db.create.setNodeVectorProperty(n, \"name_embedding\", node.name_embedding)"
main-evaluator	"node CALL db.create.setNodeVectorProperty(n, \"name_embedding\", node.name_embedding)"
main-evaluator	"node CALL db.create.setNodeVectorProperty(n, \"name_embedding\", node.name_embedding)"
main-evaluator	"node CALL db.create.setNodeVectorProperty(n, \"name_embedding\", node.name_embedding)"
main-evaluator	"node CALL db.create.setNodeVectorProperty(n, \"name_embedding\", node.name_embedding)"
main-evaluator	"node CALL db.create.setNodeVectorProperty(n, \"name_embedding\", node.name_embedding)"
main-evaluator	"node CALL db.create.setNodeVectorProperty(n, \"name_embedding\", node.name_embedding)"
main-evaluator	"node CALL db.create.setNodeVectorProperty(n, \"name_embedding\", node.name_embedding)"
main-evaluator	"node CALL db.create.setNodeVectorProperty(n, \"name_embedding\", node.name_embedding)"
main-evaluator	"node CALL db.create.setNodeVectorProperty(n, \"name_embedding\", node.name_embedding)"
main-evaluator	"node CALL db.create.setNodeVectorProperty(n, \"name_embedding\", node.name_embedding)"
main-evaluator	"node CALL db.create.setNodeVectorProperty(n, \"name_embedding\", node.name_embedding)"
main-evaluator	"node CALL db.create.setNodeVectorProperty(n, \"name_embedding\", node.name_embedding)"
main-evaluator	"node CALL db.create.setNodeVectorProperty(n, \"name_embedding\", node.name_embedding)"
main-evaluator	"node CALL db.create.setNodeVectorProperty(n, \"name_embedding\", node.name_embedding)"
main-evaluator	"node CALL db.create.setNodeVectorProperty(n, \"name_embedding\", node.name_embedding)"
main-evaluator	"node CALL db.create.setNodeVectorProperty(n, \"name_embedding\", node.name_embedding)"
main-evaluator	"node CALL db.create.setNodeVectorProperty(n, \"name_embedding\", node.name_embedding)"
main-evaluator	"node CALL db.create.setNodeVectorProperty(n, \"name_embedding\", node.name_embedding)"
main-evaluator	"node CALL db.create.setNodeVectorProperty(n, \"name_embedding\", node.name_embedding)"
main-evaluator	"node CALL db.create.setNodeVectorProperty(n, \"name_embedding\", node.name_embedding)"
main-evaluator	"node CALL db.create.setNodeVectorProperty(n, \"name_embedding\", node.name_embedding)"
main-evaluator	"node CALL db.create.setNodeVectorProperty(n, \"name_embedding\", node.name_embedding)"
main-evaluator	"node CALL db.create.setNodeVectorProperty(n, \"name_embedding\", node.name_embedding)"
main-evaluator	"node CALL db.create.setNodeVectorProperty(n, \"name_embedding\", node.name_embedding)"
main-evaluator	"node CALL db.create.setNodeVectorProperty(n, \"name_embedding\", node.name_embedding)"
main-evaluator	"node CALL db.create.setNodeVectorProperty(n, \"name_embedding\", node.name_embedding)"
main-evaluator	"node CALL db.create.setNodeVectorProperty(n, \"name_embedding\", node.name_embedding)"
main-evaluator	"node CALL db.create.setNodeVectorProperty(n, \"name_embedding\", node.name_embedding)"
main-evaluator	"node CALL db.create.setNodeVectorProperty(n, \"name_embedding\", node.name_embedding)"
main-evaluator	"node CALL db.create.setNodeVectorProperty(n, \"name_embedding\", node.name_embedding)"
main-evaluator	"node CALL db.create.setNodeVectorProperty(n, \"name_embedding\", node.name_embedding)"
main-evaluator	"node CALL db.create.setNodeVectorProperty(n, \"name_embedding\", node.name_embedding)"
main-evaluator	"node CALL db.create.setNodeVectorProperty(n, \"name_embedding\", node.name_embedding)"
main-evaluator	"node CALL db.create.setNodeVectorProperty(n, \"name_embedding\", node.name_embedding)"
main-evaluator	"node CALL db.create.setNodeVectorProperty(n, \"name_embedding\", node.name_embedding)"
main-evaluator	"node CALL db.create.setNodeVectorProperty(n, \"name_embedding\", node.name_embedding)"
main-evaluator	"node CALL db.create.setNodeVectorProperty(n, \"name_embedding\", node.name_embedding)"
main-evaluator	"node CALL db.create.setNodeVectorProperty(n, \"name_embedding\", node.name_embedding)"
main-evaluator	"node CALL db.create.setNodeVectorProperty(n, \"name_embedding\", node.name_embedding)"
main-evaluator	"node CALL db.create.setNodeVectorProperty(n, \"name_embedding\", node.name_embedding)"
main-evaluator	"node CALL db.create.setNodeVectorProperty(n, \"name_embedding\", node.name_embedding)"
main-evaluator	"node CALL db.create.setNodeVectorProperty(n, \"name_embedding\", node.name_embedding)"
main-evaluator	"node CALL db.create.setNodeVectorProperty(n, \"name_embedding\", node.name_embedding)"
main-evaluator	"node CALL db.create.setNodeVectorProperty(n, \"name_embedding\", node.name_embedding)"
main-evaluator	"node CALL db.create.setNodeVectorProperty(n, \"name_embedding\", node.name_embedding)"
main-evaluator	"node CALL db.create.setNodeVectorProperty(n, \"name_embedding\", node.name_embedding)"
main-evaluator	"node CALL db.create.setNodeVectorProperty(n, \"name_embedding\", node.name_embedding)"
main-evaluator	"node CALL db.create.setNodeVectorProperty(n, \"name_embedding\", node.name_embedding)"
main-evaluator	"node CALL db.create.setNodeVectorProperty(n, \"name_embedding\", node.name_embedding)"
main-evaluator	"node CALL db.create.setNodeVectorProperty(n, \"name_embedding\", node.name_embedding)"
main-evaluator	"node CALL db.create.setNodeVectorProperty(n, \"name_embedding\", node.name_embedding)"
main-evaluator	"node CALL db.create.setNodeVectorProperty(n, \"name_embedding\", node.name_embedding)"
main-evaluator	"node CALL db.create.setNodeVectorProperty(n, \"name_embedding\", node.name_embedding)"
main-evaluator	"node CALL db.create.setNodeVectorProperty(n, \"name_embedding\", node.name_embedding)"
main-evaluator	"node CALL db.create.setNodeVectorProperty(n, \"name_embedding\", node.name_embedding)"
main-evaluator	"node CALL db.create.setNodeVectorProperty(n, \"name_embedding\", node.name_embedding)"
main-evaluator	"node CALL db.create.setNodeVectorProperty(n, \"name_embedding\", node.name_embedding)"
main-evaluator	"node CALL db.create.setNodeVectorProperty(n, \"name_embedding\", node.name_embedding)"
main-evaluator	"node CALL db.create.setNodeVectorProperty(n, \"name_embedding\", node.name_embedding)"
main-evaluator	"node CALL db.create.setNodeVectorProperty(n, \"name_embedding\", node.name_embedding)"
main-evaluator	"node CALL db.create.setNodeVectorProperty(n, \"name_embedding\", node.name_embedding)"
main-evaluator	"node CALL db.create.setNodeVectorProperty(n, \"name_embedding\", node.name_embedding)"
main-evaluator	"node CALL db.create.setNodeVectorProperty(n, \"name_embedding\", node.name_embedding)"
main-evaluator	"node CALL db.create.setNodeVectorProperty(n, \"name_embedding\", node.name_embedding)"
main-evaluator	"node CALL db.create.setNodeVectorProperty(n, \"name_embedding\", node.name_embedding)"
main-evaluator	"node CALL db.create.setNodeVectorProperty(n, \"name_embedding\", node.name_embedding)"
main-evaluator	"node CALL db.create.setNodeVectorProperty(n, \"name_embedding\", node.name_embedding)"
main-evaluator	"node CALL db.create.setNodeVectorProperty(n, \"name_embedding\", node.name_embedding)"
main-evaluator	"node CALL db.create.setNodeVectorProperty(n, \"name_embedding\", node.name_embedding)"
main-evaluator	"node CALL db.create.setNodeVectorProperty(n, \"name_embedding\", node.name_embedding)"
main-evaluator	"node CALL db.create.setNodeVectorProperty(n, \"name_embedding\", node.name_embedding)"
main-evaluator	"node CALL db.create.setNodeVectorProperty(n, \"name_embedding\", node.name_embedding)"
main-evaluator	"node CALL db.create.setNodeVectorProperty(n, \"name_embedding\", node.name_embedding)"
main-evaluator	"node CALL db.create.setNodeVectorProperty(n, \"name_embedding\", node.name_embedding)"
main-evaluator	"node CALL db.create.setNodeVectorProperty(n, \"name_embedding\", node.name_embedding)"
main-evaluator	"node CALL db.create.setNodeVectorProperty(n, \"name_embedding\", node.name_embedding)"
main-evaluator	"node CALL db.create.setNodeVectorProperty(n, \"name_embedding\", node.name_embedding)"
main-evaluator	"node CALL db.create.setNodeVectorProperty(n, \"name_embedding\", node.name_embedding)"
main-evaluator	"node CALL db.create.setNodeVectorProperty(n, \"name_embedding\", node.name_embedding)"
main-evaluator	"node CALL db.create.setNodeVectorProperty(n, \"name_embedding\", node.name_embedding)"
main-evaluator	"node CALL db.create.setNodeVectorProperty(n, \"name_embedding\", node.name_embedding)"
main-evaluator	"node CALL db.create.setNodeVectorProperty(n, \"name_embedding\", node.name_embedding)"
main-evaluator	"node CALL db.create.setNodeVectorProperty(n, \"name_embedding\", node.name_embedding)"
main-evaluator	"node CALL db.create.setNodeVectorProperty(n, \"name_embedding\", node.name_embedding)"
main-evaluator	"node CALL db.create.setNodeVectorProperty(n, \"name_embedding\", node.name_embedding)"
main-evaluator	"node CALL db.create.setNodeVectorProperty(n, \"name_embedding\", node.name_embedding)"
main-evaluator	"node CALL db.create.setNodeVectorProperty(n, \"name_embedding\", node.name_embedding)"
main-evaluator	"node CALL db.create.setNodeVectorProperty(n, \"name_embedding\", node.name_embedding)"
main-evaluator	"node CALL db.create.setNodeVectorProperty(n, \"name_embedding\", node.name_embedding)"
main-evaluator	"node CALL db.create.setNodeVectorProperty(n, \"name_embedding\", node.name_embedding)"
main-evaluator	"node CALL db.create.setNodeVectorProperty(n, \"name_embedding\", node.name_embedding)"
main-evaluator	"node CALL db.create.setNodeVectorProperty(n, \"name_embedding\", node.name_embedding)"
main-evaluator	"node CALL db.create.setNodeVectorProperty(n, \"name_embedding\", node.name_embedding)"
main-evaluator	"node CALL db.create.setNodeVectorProperty(n, \"name_embedding\", node.name_embedding)"
main-evaluator	"node CALL db.create.setNodeVectorProperty(n, \"name_embedding\", node.name_embedding)"
main-evaluator	"node CALL db.create.setNodeVectorProperty(n, \"name_embedding\", node.name_embedding)"
main-evaluator	"node CALL db.create.setNodeVectorProperty(n, \"name_embedding\", node.name_embedding)"
main-evaluator	"node CALL db.create.setNodeVectorProperty(n, \"name_embedding\", node.name_embedding)"
main-evaluator	"node CALL db.create.setNodeVectorProperty(n, \"name_embedding\", node.name_embedding)"
main-evaluator	"node CALL db.create.setNodeVectorProperty(n, \"name_embedding\", node.name_embedding)"
main-evaluator	"node CALL db.create.setNodeVectorProperty(n, \"name_embedding\", node.name_embedding)"
main-evaluator	"node CALL db.create.setNodeVectorProperty(n, \"name_embedding\", node.name_embedding)"
main-evaluator	"node CALL db.create.setNodeVectorProperty(n, \"name_embedding\", node.name_embedding)"
main-evaluator	"node CALL db.create.setNodeVectorProperty(n, \"name_embedding\", node.name_embedding)"
main-evaluator	"node CALL db.create.setNodeVectorProperty(n, \"name_embedding\", node.name_embedding)"
main-evaluator	"node CALL db.create.setNodeVectorProperty(n, \"name_embedding\", node.name_embedding)"
main-evaluator	"node CALL db.create.setNodeVectorProperty(n, \"name_embedding\", node.name_embedding)"
main-evaluator	"node CALL db.create.setNodeVectorProperty(n, \"name_embedding\", node.name_embedding)"
main-evaluator	"node CALL db.create.setNodeVectorProperty(n, \"name_embedding\", node.name_embedding)"
main-evaluator	"node CALL db.create.setNodeVectorProperty(n, \"name_embedding\", node.name_embedding)"
main-evaluator	"node CALL db.create.setNodeVectorProperty(n, \"name_embedding\", node.name_embedding)"
main-evaluator	"node CALL db.create.setNodeVectorProperty(n, \"name_embedding\", node.name_embedding)"
main-evaluator	"node CALL db.create.setNodeVectorProperty(n, \"name_embedding\", node.name_embedding)"
main-evaluator	"node CALL db.create.setNodeVectorProperty(n, \"name_embedding\", node.name_embedding)"
main-evaluator	"node CALL db.create.setNodeVectorProperty(n, \"name_embedding\", node.name_embedding)"
main-evaluator	"node CALL db.create.setNodeVectorProperty(n, \"name_embedding\", node.name_embedding)"
main-evaluator	"node CALL db.create.setNodeVectorProperty(n, \"name_embedding\", node.name_embedding)"
main-evaluator	"node CALL db.create.setNodeVectorProperty(n, \"name_embedding\", node.name_embedding)"
main-evaluator	"node CALL db.create.setNodeVectorProperty(n, \"name_embedding\", node.name_embedding)"
main-evaluator	"node CALL db.create.setNodeVectorProperty(n, \"name_embedding\", node.name_embedding)"
main-evaluator	"node CALL db.create.setNodeVectorProperty(n, \"name_embedding\", node.name_embedding)"
main-evaluator	"node CALL db.create.setNodeVectorProperty(n, \"name_embedding\", node.name_embedding)"
main-evaluator	"node CALL db.create.setNodeVectorProperty(n, \"name_embedding\", node.name_embedding)"
main-evaluator	"node CALL db.create.setNodeVectorProperty(n, \"name_embedding\", node.name_embedding)"
main-evaluator	"node CALL db.create.setNodeVectorProperty(n, \"name_embedding\", node.name_embedding)"
main-evaluator	"node CALL db.create.setNodeVectorProperty(n, \"name_embedding\", node.name_embedding)"
main-evaluator	"node CALL db.create.setNodeVectorProperty(n, \"name_embedding\", node.name_embedding)"
main-evaluator	"node CALL db.create.setNodeVectorProperty(n, \"name_embedding\", node.name_embedding)"
main-evaluator	"node CALL db.create.setNodeVectorProperty(n, \"name_embedding\", node.name_embedding)"
main-evaluator	"node CALL db.create.setNodeVectorProperty(n, \"name_embedding\", node.name_embedding)"
main-evaluator	"node CALL db.create.setNodeVectorProperty(n, \"name_embedding\", node.name_embedding)"
main-evaluator	"node CALL db.create.setNodeVectorProperty(n, \"name_embedding\", node.name_embedding)"
main-evaluator	"node CALL db.create.setNodeVectorProperty(n, \"name_embedding\", node.name_embedding)"
main-evaluator	"node CALL db.create.setNodeVectorProperty(n, \"name_embedding\", node.name_embedding)"
main-evaluator	"node CALL db.create.setNodeVectorProperty(n, \"name_embedding\", node.name_embedding)"
main-evaluator	"node CALL db.create.setNodeVectorProperty(n, \"name_embedding\", node.name_embedding)"
main-evaluator	"node CALL db.create.setNodeVectorProperty(n, \"name_embedding\", node.name_embedding)"
main-evaluator	"node CALL db.create.setNodeVectorProperty(n, \"name_embedding\", node.name_embedding)"
main-evaluator	"node CALL db.create.setNodeVectorProperty(n, \"name_embedding\", node.name_embedding)"
main-evaluator	"node CALL db.create.setNodeVectorProperty(n, \"name_embedding\", node.name_embedding)"
main-evaluator	"node CALL db.create.setNodeVectorProperty(n, \"name_embedding\", node.name_embedding)"
main-evaluator	"node CALL db.create.setNodeVectorProperty(n, \"name_embedding\", node.name_embedding)"
main-evaluator	"node CALL db.create.setNodeVectorProperty(n, \"name_embedding\", node.name_embedding)"
main-evaluator	"node CALL db.create.setNodeVectorProperty(n, \"name_embedding\", node.name_embedding)"
main-evaluator	"node CALL db.create.setNodeVectorProperty(n, \"name_embedding\", node.name_embedding)"
main-evaluator	"node CALL db.create.setNodeVectorProperty(n, \"name_embedding\", node.name_embedding)"
main-evaluator	"node CALL db.create.setNodeVectorProperty(n, \"name_embedding\", node.name_embedding)"
main-evaluator	"node CALL db.create.setNodeVectorProperty(n, \"name_embedding\", node.name_embedding)"
main-evaluator	"node CALL db.create.setNodeVectorProperty(n, \"name_embedding\", node.name_embedding)"
main-evaluator	"node CALL db.create.setNodeVectorProperty(n, \"name_embedding\", node.name_embedding)"
main-evaluator	"node CALL db.create.setNodeVectorProperty(n, \"name_embedding\", node.name_embedding)"
main-evaluator	"node CALL db.create.setNodeVectorProperty(n, \"name_embedding\", node.name_embedding)"
main-evaluator	"node CALL db.create.setNodeVectorProperty(n, \"name_embedding\", node.name_embedding)"
main-evaluator	"node CALL db.create.setNodeVectorProperty(n, \"name_embedding\", node.name_embedding)"
main-evaluator	"node CALL db.create.setNodeVectorProperty(n, \"name_embedding\", node.name_embedding)"
main-evaluator	"node CALL db.create.setNodeVectorProperty(n, \"name_embedding\", node.name_embedding)"
main-evaluator	"node CALL db.create.setNodeVectorProperty(n, \"name_embedding\", node.name_embedding)"
main-evaluator	"node CALL db.create.setNodeVectorProperty(n, \"name_embedding\", node.name_embedding)"
main-evaluator	"node CALL db.create.setNodeVectorProperty(n, \"name_embedding\", node.name_embedding)"
main-evaluator	"node CALL db.create.setNodeVectorProperty(n, \"name_embedding\", node.name_embedding)"
main-evaluator	"node CALL db.create.setNodeVectorProperty(n, \"name_embedding\", node.name_embedding)"
main-evaluator	"node CALL db.create.setNodeVectorProperty(n, \"name_embedding\", node.name_embedding)"
main-evaluator	"node CALL db.create.setNodeVectorProperty(n, \"name_embedding\", node.name_embedding)"
main-evaluator	"node CALL db.create.setNodeVectorProperty(n, \"name_embedding\", node.name_embedding)"
main-evaluator	"node CALL db.create.setNodeVectorProperty(n, \"name_embedding\", node.name_embedding)"
main-evaluator	"node CALL db.create.setNodeVectorProperty(n, \"name_embedding\", node.name_embedding)"
main-evaluator	"node CALL db.create.setNodeVectorProperty(n, \"name_embedding\", node.name_embedding)"
main-evaluator	"node CALL db.create.setNodeVectorProperty(n, \"name_embedding\", node.name_embedding)"
main-evaluator	"node CALL db.create.setNodeVectorProperty(n, \"name_embedding\", node.name_embedding)"
main-evaluator	"node CALL db.create.setNodeVectorProperty(n, \"name_embedding\", node.name_embedding)"
main-evaluator	"node CALL db.create.setNodeVectorProperty(n, \"name_embedding\", node.name_embedding)"
main-evaluator	"node CALL db.create.setNodeVectorProperty(n, \"name_embedding\", node.name_embedding)"
main-evaluator	"node CALL db.create.setNodeVectorProperty(n, \"name_embedding\", node.name_embedding)"
main-evaluator	"node CALL db.create.setNodeVectorProperty(n, \"name_embedding\", node.name_embedding)"
main-evaluator	"node CALL db.create.setNodeVectorProperty(n, \"name_embedding\", node.name_embedding)"
main-evaluator	"node CALL db.create.setNodeVectorProperty(n, \"name_embedding\", node.name_embedding)"
main-evaluator	"node CALL db.create.setNodeVectorProperty(n, \"name_embedding\", node.name_embedding)"
main-evaluator	"node CALL db.create.setNodeVectorProperty(n, \"name_embedding\", node.name_embedding)"
main-evaluator	"node CALL db.create.setNodeVectorProperty(n, \"name_embedding\", node.name_embedding)"
main-evaluator	"node CALL db.create.setNodeVectorProperty(n, \"name_embedding\", node.name_embedding)"
main-evaluator	"node CALL db.create.setNodeVectorProperty(n, \"name_embedding\", node.name_embedding)"
main-evaluator	"node CALL db.create.setNodeVectorProperty(n, \"name_embedding\", node.name_embedding)"
main-evaluator	"node CALL db.create.setNodeVectorProperty(n, \"name_embedding\", node.name_embedding)"
main-evaluator	"node CALL db.create.setNodeVectorProperty(n, \"name_embedding\", node.name_embedding)"
main-evaluator	"node CALL db.create.setNodeVectorProperty(n, \"name_embedding\", node.name_embedding)"
main-evaluator	"node CALL db.create.setNodeVectorProperty(n, \"name_embedding\", node.name_embedding)"
main-evaluator	"node CALL db.create.setNodeVectorProperty(n, \"name_embedding\", node.name_embedding)"
main-evaluator	"node CALL db.create.setNodeVectorProperty(n, \"name_embedding\", node.name_embedding)"
main-evaluator	"node CALL db.create.setNodeVectorProperty(n, \"name_embedding\", node.name_embedding)"
main-evaluator	"node CALL db.create.setNodeVectorProperty(n, \"name_embedding\", node.name_embedding)"
main-evaluator	"node CALL db.create.setNodeVectorProperty(n, \"name_embedding\", node.name_embedding)"
main-evaluator	"node CALL db.create.setNodeVectorProperty(n, \"name_embedding\", node.name_embedding)"
main-evaluator	"node CALL db.create.setNodeVectorProperty(n, \"name_embedding\", node.name_embedding)"
main-evaluator	"node CALL db.create.setNodeVectorProperty(n, \"name_embedding\", node.name_embedding)"
main-evaluator	"node CALL db.create.setNodeVectorProperty(n, \"name_embedding\", node.name_embedding)"
main-evaluator	"node CALL db.create.setNodeVectorProperty(n, \"name_embedding\", node.name_embedding)"
main-evaluator	"node CALL db.create.setNodeVectorProperty(n, \"name_embedding\", node.name_embedding)"
main-evaluator	"node CALL db.create.setNodeVectorProperty(n, \"name_embedding\", node.name_embedding)"
main-evaluator	"node CALL db.create.setNodeVectorProperty(n, \"name_embedding\", node.name_embedding)"
main-evaluator	"node CALL db.create.setNodeVectorProperty(n, \"name_embedding\", node.name_embedding)"
main-evaluator	"node CALL db.create.setNodeVectorProperty(n, \"name_embedding\", node.name_embedding)"
main-evaluator	"node CALL db.create.setNodeVectorProperty(n, \"name_embedding\", node.name_embedding)"
main-evaluator	"node CALL db.create.setNodeVectorProperty(n, \"name_embedding\", node.name_embedding)"
main-evaluator	"node CALL db.create.setNodeVectorProperty(n, \"name_embedding\", node.name_embedding)"
main-evaluator	"node CALL db.create.setNodeVectorProperty(n, \"name_embedding\", node.name_embedding)"
main-evaluator	"node CALL db.create.setNodeVectorProperty(n, \"name_embedding\", node.name_embedding)"
main-evaluator	"node CALL db.create.setNodeVectorProperty(n, \"name_embedding\", node.name_embedding)"
main-evaluator	"node CALL db.create.setNodeVectorProperty(n, \"name_embedding\", node.name_embedding)"
main-evaluator	"node CALL db.create.setNodeVectorProperty(n, \"name_embedding\", node.name_embedding)"
main-evaluator	"node CALL db.create.setNodeVectorProperty(n, \"name_embedding\", node.name_embedding)"
main-evaluator	"node CALL db.create.setNodeVectorProperty(n, \"name_embedding\", node.name_embedding)"
main-evaluator	"node CALL db.create.setNodeVectorProperty(n, \"name_embedding\", node.name_embedding)"
main-evaluator	"node CALL db.create.setNodeVectorProperty(n, \"name_embedding\", node.name_embedding)"
main-evaluator	"node CALL db.create.setNodeVectorProperty(n, \"name_embedding\", node.name_embedding)"
main-evaluator	"node CALL db.create.setNodeVectorProperty(n, \"name_embedding\", node.name_embedding)"
main-evaluator	"node CALL db.create.setNodeVectorProperty(n, \"name_embedding\", node.name_embedding)"
main-evaluator	"node CALL db.create.setNodeVectorProperty(n, \"name_embedding\", node.name_embedding)"
main-evaluator	"node CALL db.create.setNodeVectorProperty(n, \"name_embedding\", node.name_embedding)"
main-evaluator	"node CALL db.create.setNodeVectorProperty(n, \"name_embedding\", node.name_embedding)"
main-evaluator	"node CALL db.create.setNodeVectorProperty(n, \"name_embedding\", node.name_embedding)"
main-evaluator	"node CALL db.create.setNodeVectorProperty(n, \"name_embedding\", node.name_embedding)"
main-evaluator	"node CALL db.create.setNodeVectorProperty(n, \"name_embedding\", node.name_embedding)"
main-evaluator	"node CALL db.create.setNodeVectorProperty(n, \"name_embedding\", node.name_embedding)"
main-evaluator	"node CALL db.create.setNodeVectorProperty(n, \"name_embedding\", node.name_embedding)"
main-evaluator	"node CALL db.create.setNodeVectorProperty(n, \"name_embedding\", node.name_embedding)"
main-evaluator	"node CALL db.create.setNodeVectorProperty(n, \"name_embedding\", node.name_embedding)"
main-evaluator	"node CALL db.create.setNodeVectorProperty(n, \"name_embedding\", node.name_embedding)"
main-evaluator	"node CALL db.create.setNodeVectorProperty(n, \"name_embedding\", node.name_embedding)"
main-evaluator	"node CALL db.create.setNodeVectorProperty(n, \"name_embedding\", node.name_embedding)"
main-evaluator	"node CALL db.create.setNodeVectorProperty(n, \"name_embedding\", node.name_embedding)"
main-evaluator	"node CALL db.create.setNodeVectorProperty(n, \"name_embedding\", node.name_embedding)"
main-evaluator	"node CALL db.create.setNodeVectorProperty(n, \"name_embedding\", node.name_embedding)"
main-evaluator	"node CALL db.create.setNodeVectorProperty(n, \"name_embedding\", node.name_embedding)"
main-evaluator	"node CALL db.create.setNodeVectorProperty(n, \"name_embedding\", node.name_embedding)"
main-evaluator	"node CALL db.create.setNodeVectorProperty(n, \"name_embedding\", node.name_embedding)"
main-evaluator	"node CALL db.create.setNodeVectorProperty(n, \"name_embedding\", node.name_embedding)"
main-evaluator	"node CALL db.create.setNodeVectorProperty(n, \"name_embedding\", node.name_embedding)"
main-evaluator	"node CALL db.create.setNodeVectorProperty(n, \"name_embedding\", node.name_embedding)"
main-evaluator	"node CALL db.create.setNodeVectorProperty(n, \"name_embedding\", node.name_embedding)"
main-evaluator	"node CALL db.create.setNodeVectorProperty(n, \"name_embedding\", node.name_embedding)"
main-evaluator	"node CALL db.create.setNodeVectorProperty(n, \"name_embedding\", node.name_embedding)"
main-evaluator	"node CALL db.create.setNodeVectorProperty(n, \"name_embedding\", node.name_embedding)"
main-evaluator	"node CALL db.create.setNodeVectorProperty(n, \"name_embedding\", node.name_embedding)"
main-evaluator	"node CALL db.create.setNodeVectorProperty(n, \"name_embedding\", node.name_embedding)"
main-evaluator	"node CALL db.create.setNodeVectorProperty(n, \"name_embedding\", node.name_embedding)"
main-evaluator	"node CALL db.create.setNodeVectorProperty(n, \"name_embedding\", node.name_embedding)"
main-evaluator	"node CALL db.create.setNodeVectorProperty(n, \"name_embedding\", node.name_embedding)"
main-evaluator	"node CALL db.create.setNodeVectorProperty(n, \"name_embedding\", node.name_embedding)"
main-evaluator	"node CALL db.create.setNodeVectorProperty(n, \"name_embedding\", node.name_embedding)"
main-evaluator	"node CALL db.create.setNodeVectorProperty(n, \"name_embedding\", node.name_embedding)"
main-evaluator	"node CALL db.create.setNodeVectorProperty(n, \"name_embedding\", node.name_embedding)"
main-evaluator	"node CALL db.create.setNodeVectorProperty(n, \"name_embedding\", node.name_embedding)"
main-evaluator	"node CALL db.create.setNodeVectorProperty(n, \"name_embedding\", node.name_embedding)"
main-evaluator	"node CALL db.create.setNodeVectorProperty(n, \"name_embedding\", node.name_embedding)"
main-evaluator	"node CALL db.create.setNodeVectorProperty(n, \"name_embedding\", node.name_embedding)"
main-evaluator	"node CALL db.create.setNodeVectorProperty(n, \"name_embedding\", node.name_embedding)"
main-evaluator	"node CALL db.create.setNodeVectorProperty(n, \"name_embedding\", node.name_embedding)"
main-evaluator	"node CALL db.create.setNodeVectorProperty(n, \"name_embedding\", node.name_embedding)"
main-evaluator	"node CALL db.create.setNodeVectorProperty(n, \"name_embedding\", node.name_embedding)"
main-evaluator	"node CALL db.create.setNodeVectorProperty(n, \"name_embedding\", node.name_embedding)"
main-evaluator	"node CALL db.create.setNodeVectorProperty(n, \"name_embedding\", node.name_embedding)"
main-evaluator	"node CALL db.create.setNodeVectorProperty(n, \"name_embedding\", node.name_embedding)"
main-evaluator	"node CALL db.create.setNodeVectorProperty(n, \"name_embedding\", node.name_embedding)"
main-evaluator	"node CALL db.create.setNodeVectorProperty(n, \"name_embedding\", node.name_embedding)"
main-evaluator	"node CALL db.create.setNodeVectorProperty(n, \"name_embedding\", node.name_embedding)"
main-evaluator	"node CALL db.create.setNodeVectorProperty(n, \"name_embedding\", node.name_embedding)"
main-evaluator	"node CALL db.create.setNodeVectorProperty(n, \"name_embedding\", node.name_embedding)"
main-evaluator	"node CALL db.create.setNodeVectorProperty(n, \"name_embedding\", node.name_embedding)"
main-evaluator	"node CALL db.create.setNodeVectorProperty(n, \"name_embedding\", node.name_embedding)"
main-evaluator	"node CALL db.create.setNodeVectorProperty(n, \"name_embedding\", node.name_embedding)"
main-evaluator	"node CALL db.create.setNodeVectorProperty(n, \"name_embedding\", node.name_embedding)"
main-evaluator	"node CALL db.create.setNodeVectorProperty(n, \"name_embedding\", node.name_embedding)"
main-evaluator	"node CALL db.create.setNodeVectorProperty(n, \"name_embedding\", node.name_embedding)"
main-evaluator	"node CALL db.create.setNodeVectorProperty(n, \"name_embedding\", node.name_embedding)"
main-evaluator	"node CALL db.create.setNodeVectorProperty(n, \"name_embedding\", node.name_embedding)"
main-evaluator	"node CALL db.create.setNodeVectorProperty(n, \"name_embedding\", node.name_embedding)"
main-evaluator	"node CALL db.create.setNodeVectorProperty(n, \"name_embedding\", node.name_embedding)"
main-evaluator	"node CALL db.create.setNodeVectorProperty(n, \"name_embedding\", node.name_embedding)"
main-evaluator	"node CALL db.create.setNodeVectorProperty(n, \"name_embedding\", node.name_embedding)"
main-evaluator	"node CALL db.create.setNodeVectorProperty(n, \"name_embedding\", node.name_embedding)"
main-evaluator	"node CALL db.create.setNodeVectorProperty(n, \"name_embedding\", node.name_embedding)"
values-evaluator	"group_id"
main-evaluator	"node CALL db.create.setNodeVectorProperty(n, \"name_embedding\", node.name_embedding)"
main-evaluator	"node CALL db.create.setNodeVectorProperty(n, \"name_embedding\", node.name_embedding)"
main-evaluator	"node CALL db.create.setNodeVectorProperty(n, \"name_embedding\", node.name_embedding)"
main-evaluator	"node CALL db.create.setNodeVectorProperty(n, \"name_embedding\", node.name_embedding)"
main-evaluator	"node CALL db.create.setNodeVectorProperty(n, \"name_embedding\", node.name_embedding)"
main-evaluator	"node CALL db.create.setNodeVectorProperty(n, \"name_embedding\", node.name_embedding)"
main-evaluator	"node CALL db.create.setNodeVectorProperty(n, \"name_embedding\", node.name_embedding)"
main-evaluator	"node CALL db.create.setNodeVectorProperty(n, \"name_embedding\", node.name_embedding)"
main-evaluator	"node CALL db.create.setNodeVectorProperty(n, \"name_embedding\", node.name_embedding)"
main-evaluator	"node CALL db.create.setNodeVectorProperty(n, \"name_embedding\", node.name_embedding)"
main-evaluator	"node CALL db.create.setNodeVectorProperty(n, \"name_embedding\", node.name_embedding)"
main-evaluator	"node CALL db.create.setNodeVectorProperty(n, \"name_embedding\", node.name_embedding)"
main-evaluator	"node CALL db.create.setNodeVectorProperty(n, \"name_embedding\", node.name_embedding)"
main-evaluator	"node CALL db.create.setNodeVectorProperty(n, \"name_embedding\", node.name_embedding)"
main-evaluator	"node CALL db.create.setNodeVectorProperty(n, \"name_embedding\", node.name_embedding)"
main-evaluator	"node CALL db.create.setNodeVectorProperty(n, \"name_embedding\", node.name_embedding)"
main-evaluator	"node CALL db.create.setNodeVectorProperty(n, \"name_embedding\", node.name_embedding)"
main-evaluator	"node CALL db.create.setNodeVectorProperty(n, \"name_embedding\", node.name_embedding)"
main-evaluator	"node CALL db.create.setNodeVectorProperty(n, \"name_embedding\", node.name_embedding)"
main-evaluator	"node CALL db.create.setNodeVectorProperty(n, \"name_embedding\", node.name_embedding)"
main-evaluator	"node CALL db.create.setNodeVectorProperty(n, \"name_embedding\", node.name_embedding)"
main-evaluator	"node CALL db.create.setNodeVectorProperty(n, \"name_embedding\", node.name_embedding)"
main-evaluator	"node CALL db.create.setNodeVectorProperty(n, \"name_embedding\", node.name_embedding)"
main-evaluator	"node CALL db.create.setNodeVectorProperty(n, \"name_embedding\", node.name_embedding)"
main-evaluator	"node CALL db.create.setNodeVectorProperty(n, \"name_embedding\", node.name_embedding)"
main-evaluator	"node CALL db.create.setNodeVectorProperty(n, \"name_embedding\", node.name_embedding)"
main-evaluator	"node CALL db.create.setNodeVectorProperty(n, \"name_embedding\", node.name_embedding)"
main-evaluator	"node CALL db.create.setNodeVectorProperty(n, \"name_embedding\", node.name_embedding)"
main-evaluator	"node CALL db.create.setNodeVectorProperty(n, \"name_embedding\", node.name_embedding)"
main-evaluator	"node CALL db.create.setNodeVectorProperty(n, \"name_embedding\", node.name_embedding)"
main-evaluator	"node CALL db.create.setNodeVectorProperty(n, \"name_embedding\", node.name_embedding)"
main-evaluator	"node CALL db.create.setNodeVectorProperty(n, \"name_embedding\", node.name_embedding)"
main-evaluator	"node CALL db.create.setNodeVectorProperty(n, \"name_embedding\", node.name_embedding)"
main-evaluator	"node CALL db.create.setNodeVectorProperty(n, \"name_embedding\", node.name_embedding)"
main-evaluator	"node CALL db.create.setNodeVectorProperty(n, \"name_embedding\", node.name_embedding)"
main-evaluator	"node CALL db.create.setNodeVectorProperty(n, \"name_embedding\", node.name_embedding)"
main-evaluator	"node CALL db.create.setNodeVectorProperty(n, \"name_embedding\", node.name_embedding)"
main-evaluator	"node CALL db.create.setNodeVectorProperty(n, \"name_embedding\", node.name_embedding)"
main-evaluator	"node CALL db.create.setNodeVectorProperty(n, \"name_embedding\", node.name_embedding)"
main-evaluator	"node CALL db.create.setNodeVectorProperty(n, \"name_embedding\", node.name_embedding)"
main-evaluator	"node CALL db.create.setNodeVectorProperty(n, \"name_embedding\", node.name_embedding)"
main-evaluator	"node CALL db.create.setNodeVectorProperty(n, \"name_embedding\", node.name_embedding)"
main-evaluator	"node CALL db.create.setNodeVectorProperty(n, \"name_embedding\", node.name_embedding)"
main-evaluator	"node CALL db.create.setNodeVectorProperty(n, \"name_embedding\", node.name_embedding)"
main-evaluator	"node CALL db.create.setNodeVectorProperty(n, \"name_embedding\", node.name_embedding)"
main-evaluator	"node CALL db.create.setNodeVectorProperty(n, \"name_embedding\", node.name_embedding)"
main-evaluator	"node CALL db.create.setNodeVectorProperty(n, \"name_embedding\", node.name_embedding)"
main-evaluator	"node CALL db.create.setNodeVectorProperty(n, \"name_embedding\", node.name_embedding)"
main-evaluator	"node CALL db.create.setNodeVectorProperty(n, \"name_embedding\", node.name_embedding)"
main-evaluator	"node CALL db.create.setNodeVectorProperty(n, \"name_embedding\", node.name_embedding)"
main-evaluator	"node CALL db.create.setNodeVectorProperty(n, \"name_embedding\", node.name_embedding)"
main-evaluator	"node CALL db.create.setNodeVectorProperty(n, \"name_embedding\", node.name_embedding)"
main-evaluator	"node CALL db.create.setNodeVectorProperty(n, \"name_embedding\", node.name_embedding)"
main-evaluator	"node CALL db.create.setNodeVectorProperty(n, \"name_embedding\", node.name_embedding)"
main-evaluator	"node CALL db.create.setNodeVectorProperty(n, \"name_embedding\", node.name_embedding)"
main-evaluator	"node CALL db.create.setNodeVectorProperty(n, \"name_embedding\", node.name_embedding)"
main-evaluator	"node CALL db.create.setNodeVectorProperty(n, \"name_embedding\", node.name_embedding)"
main-evaluator	"node CALL db.create.setNodeVectorProperty(n, \"name_embedding\", node.name_embedding)"
main-evaluator	"node CALL db.create.setNodeVectorProperty(n, \"name_embedding\", node.name_embedding)"
main-evaluator	"node CALL db.create.setNodeVectorProperty(n, \"name_embedding\", node.name_embedding)"
main-evaluator	"node CALL db.create.setNodeVectorProperty(n, \"name_embedding\", node.name_embedding)"
main-evaluator	"node CALL db.create.setNodeVectorProperty(n, \"name_embedding\", node.name_embedding)"
main-evaluator	"node CALL db.create.setNodeVectorProperty(n, \"name_embedding\", node.name_embedding)"
main-evaluator	"node CALL db.create.setNodeVectorProperty(n, \"name_embedding\", node.name_embedding)"
main-evaluator	"node CALL db.create.setNodeVectorProperty(n, \"name_embedding\", node.name_embedding)"
main-evaluator	"node CALL db.create.setNodeVectorProperty(n, \"name_embedding\", node.name_embedding)"
main-evaluator	"node CALL db.create.setNodeVectorProperty(n, \"name_embedding\", node.name_embedding)"
main-evaluator	"node CALL db.create.setNodeVectorProperty(n, \"name_embedding\", node.name_embedding)"
main-evaluator	"node CALL db.create.setNodeVectorProperty(n, \"name_embedding\", node.name_embedding)"
main-evaluator	"node CALL db.create.setNodeVectorProperty(n, \"name_embedding\", node.name_embedding)"
main-evaluator	"node CALL db.create.setNodeVectorProperty(n, \"name_embedding\", node.name_embedding)"
main-evaluator	"node CALL db.create.setNodeVectorProperty(n, \"name_embedding\", node.name_embedding)"
main-evaluator	"node CALL db.create.setNodeVectorProperty(n, \"name_embedding\", node.name_embedding)"
main-evaluator	"node CALL db.create.setNodeVectorProperty(n, \"name_embedding\", node.name_embedding)"
main-evaluator	"node CALL db.create.setNodeVectorProperty(n, \"name_embedding\", node.name_embedding)"
main-evaluator	"node CALL db.create.setNodeVectorProperty(n, \"name_embedding\", node.name_embedding)"
main-evaluator	"node CALL db.create.setNodeVectorProperty(n, \"name_embedding\", node.name_embedding)"
main-evaluator	"node CALL db.create.setNodeVectorProperty(n, \"name_embedding\", node.name_embedding)"
main-evaluator	"node CALL db.create.setNodeVectorProperty(n, \"name_embedding\", node.name_embedding)"
main-evaluator	"node CALL db.create.setNodeVectorProperty(n, \"name_embedding\", node.name_embedding)"
main-evaluator	"node CALL db.create.setNodeVectorProperty(n, \"name_embedding\", node.name_embedding)"
main-evaluator	"node CALL db.create.setNodeVectorProperty(n, \"name_embedding\", node.name_embedding)"
main-evaluator	"node CALL db.create.setNodeVectorProperty(n, \"name_embedding\", node.name_embedding)"
main-evaluator	"node CALL db.create.setNodeVectorProperty(n, \"name_embedding\", node.name_embedding)"
main-evaluator	"node CALL db.create.setNodeVectorProperty(n, \"name_embedding\", node.name_embedding)"
main-evaluator	"node CALL db.create.setNodeVectorProperty(n, \"name_embedding\", node.name_embedding)"
main-evaluator	"node CALL db.create.setNodeVectorProperty(n, \"name_embedding\", node.name_embedding)"
main-evaluator	"node CALL db.create.setNodeVectorProperty(n, \"name_embedding\", node.name_embedding)"
main-evaluator	"node CALL db.create.setNodeVectorProperty(n, \"name_embedding\", node.name_embedding)"
main-evaluator	"node CALL db.create.setNodeVectorProperty(n, \"name_embedding\", node.name_embedding)"
main-evaluator	"node CALL db.create.setNodeVectorProperty(n, \"name_embedding\", node.name_embedding)"
main-evaluator	"node CALL db.create.setNodeVectorProperty(n, \"name_embedding\", node.name_embedding)"
main-evaluator	"node CALL db.create.setNodeVectorProperty(n, \"name_embedding\", node.name_embedding)"
main-evaluator	"node CALL db.create.setNodeVectorProperty(n, \"name_embedding\", node.name_embedding)"
main-evaluator	"node CALL db.create.setNodeVectorProperty(n, \"name_embedding\", node.name_embedding)"
main-evaluator	"node CALL db.create.setNodeVectorProperty(n, \"name_embedding\", node.name_embedding)"
main-evaluator	"node CALL db.create.setNodeVectorProperty(n, \"name_embedding\", node.name_embedding)"
main-evaluator	"node CALL db.create.setNodeVectorProperty(n, \"name_embedding\", node.name_embedding)"
main-evaluator	"node CALL db.create.setNodeVectorProperty(n, \"name_embedding\", node.name_embedding)"
main-evaluator	"node CALL db.create.setNodeVectorProperty(n, \"name_embedding\", node.name_embedding)"
main-evaluator	"node CALL db.create.setNodeVectorProperty(n, \"name_embedding\", node.name_embedding)"
main-evaluator	"node CALL db.create.setNodeVectorProperty(n, \"name_embedding\", node.name_embedding)"
main-evaluator	"node CALL db.create.setNodeVectorProperty(n, \"name_embedding\", node.name_embedding)"
main-evaluator	"node CALL db.create.setNodeVectorProperty(n, \"name_embedding\", node.name_embedding)"
main-evaluator	"node CALL db.create.setNodeVectorProperty(n, \"name_embedding\", node.name_embedding)"
main-evaluator	"node CALL db.create.setNodeVectorProperty(n, \"name_embedding\", node.name_embedding)"
main-evaluator	"node CALL db.create.setNodeVectorProperty(n, \"name_embedding\", node.name_embedding)"
main-evaluator	"node CALL db.create.setNodeVectorProperty(n, \"name_embedding\", node.name_embedding)"
main-evaluator	"node CALL db.create.setNodeVectorProperty(n, \"name_embedding\", node.name_embedding)"
main-evaluator	"node CALL db.create.setNodeVectorProperty(n, \"name_embedding\", node.name_embedding)"
main-evaluator	"node CALL db.create.setNodeVectorProperty(n, \"name_embedding\", node.name_embedding)"
main-evaluator	"node CALL db.create.setNodeVectorProperty(n, \"name_embedding\", node.name_embedding)"
main-evaluator	"node CALL db.create.setNodeVectorProperty(n, \"name_embedding\", node.name_embedding)"
main-evaluator	"node CALL db.create.setNodeVectorProperty(n, \"name_embedding\", node.name_embedding)"
main-evaluator	"node CALL db.create.setNodeVectorProperty(n, \"name_embedding\", node.name_embedding)"
main-evaluator	"node CALL db.create.setNodeVectorProperty(n, \"name_embedding\", node.name_embedding)"
main-evaluator	"node CALL db.create.setNodeVectorProperty(n, \"name_embedding\", node.name_embedding)"
main-evaluator	"node CALL db.create.setNodeVectorProperty(n, \"name_embedding\", node.name_embedding)"
main-evaluator	"node CALL db.create.setNodeVectorProperty(n, \"name_embedding\", node.name_embedding)"
main-evaluator	"node CALL db.create.setNodeVectorProperty(n, \"name_embedding\", node.name_embedding)"
main-evaluator	"node CALL db.create.setNodeVectorProperty(n, \"name_embedding\", node.name_embedding)"
main-evaluator	"node CALL db.create.setNodeVectorProperty(n, \"name_embedding\", node.name_embedding)"
main-evaluator	"node CALL db.create.setNodeVectorProperty(n, \"name_embedding\", node.name_embedding)"
main-evaluator	"node CALL db.create.setNodeVectorProperty(n, \"name_embedding\", node.name_embedding)"
main-evaluator	"node CALL db.create.setNodeVectorProperty(n, \"name_embedding\", node.name_embedding)"
main-evaluator	"node CALL db.create.setNodeVectorProperty(n, \"name_embedding\", node.name_embedding)"
main-evaluator	"node CALL db.create.setNodeVectorProperty(n, \"name_embedding\", node.name_embedding)"
main-evaluator	"node CALL db.create.setNodeVectorProperty(n, \"name_embedding\", node.name_embedding)"
main-evaluator	"node CALL db.create.setNodeVectorProperty(n, \"name_embedding\", node.name_embedding)"
main-evaluator	"node CALL db.create.setNodeVectorProperty(n, \"name_embedding\", node.name_embedding)"
main-evaluator	"node CALL db.create.setNodeVectorProperty(n, \"name_embedding\", node.name_embedding)"
main-evaluator	"node CALL db.create.setNodeVectorProperty(n, \"name_embedding\", node.name_embedding)"
main-evaluator	"node CALL db.create.setNodeVectorProperty(n, \"name_embedding\", node.name_embedding)"
main-evaluator	"node CALL db.create.setNodeVectorProperty(n, \"name_embedding\", node.name_embedding)"
main-evaluator	"node CALL db.create.setNodeVectorProperty(n, \"name_embedding\", node.name_embedding)"
main-evaluator	"node CALL db.create.setNodeVectorProperty(n, \"name_embedding\", node.name_embedding)"
main-evaluator	"node CALL db.create.setNodeVectorProperty(n, \"name_embedding\", node.name_embedding)"
main-evaluator	"node CALL db.create.setNodeVectorProperty(n, \"name_embedding\", node.name_embedding)"
main-evaluator	"node CALL db.create.setNodeVectorProperty(n, \"name_embedding\", node.name_embedding)"
main-evaluator	"node CALL db.create.setNodeVectorProperty(n, \"name_embedding\", node.name_embedding)"
main-evaluator	"node CALL db.create.setNodeVectorProperty(n, \"name_embedding\", node.name_embedding)"
main-evaluator	"node CALL db.create.setNodeVectorProperty(n, \"name_embedding\", node.name_embedding)"
main-evaluator	"node CALL db.create.setNodeVectorProperty(n, \"name_embedding\", node.name_embedding)"
main-evaluator	"node CALL db.create.setNodeVectorProperty(n, \"name_embedding\", node.name_embedding)"
main-evaluator	"node CALL db.create.setNodeVectorProperty(n, \"name_embedding\", node.name_embedding)"
main-evaluator	"node CALL db.create.setNodeVectorProperty(n, \"name_embedding\", node.name_embedding)"
main-evaluator	"node CALL db.create.setNodeVectorProperty(n, \"name_embedding\", node.name_embedding)"
main-evaluator	"node CALL db.create.setNodeVectorProperty(n, \"name_embedding\", node.name_embedding)"
main-evaluator	"node CALL db.create.setNodeVectorProperty(n, \"name_embedding\", node.name_embedding)"
main-evaluator	"node CALL db.create.setNodeVectorProperty(n, \"name_embedding\", node.name_embedding)"
main-evaluator	"node CALL db.create.setNodeVectorProperty(n, \"name_embedding\", node.name_embedding)"
main-evaluator	"node CALL db.create.setNodeVectorProperty(n, \"name_embedding\", node.name_embedding)"
main-evaluator	"node CALL db.create.setNodeVectorProperty(n, \"name_embedding\", node.name_embedding)"
main-evaluator	"node CALL db.create.setNodeVectorProperty(n, \"name_embedding\", node.name_embedding)"
main-evaluator	"node CALL db.create.setNodeVectorProperty(n, \"name_embedding\", node.name_embedding)"
main-evaluator	"node CALL db.create.setNodeVectorProperty(n, \"name_embedding\", node.name_embedding)"
main-evaluator	"node CALL db.create.setNodeVectorProperty(n, \"name_embedding\", node.name_embedding)"
main-evaluator	"node CALL db.create.setNodeVectorProperty(n, \"name_embedding\", node.name_embedding)"
main-evaluator	"node CALL db.create.setNodeVectorProperty(n, \"name_embedding\", node.name_embedding)"
main-evaluator	"node CALL db.create.setNodeVectorProperty(n, \"name_embedding\", node.name_embedding)"
main-evaluator	"node CALL db.create.setNodeVectorProperty(n, \"name_embedding\", node.name_embedding)"
main-evaluator	"node CALL db.create.setNodeVectorProperty(n, \"name_embedding\", node.name_embedding)"
main-evaluator	"node CALL db.create.setNodeVectorProperty(n, \"name_embedding\", node.name_embedding)"
main-evaluator	"node CALL db.create.setNodeVectorProperty(n, \"name_embedding\", node.name_embedding)"
main-evaluator	"node CALL db.create.setNodeVectorProperty(n, \"name_embedding\", node.name_embedding)"
main-evaluator	"node CALL db.create.setNodeVectorProperty(n, \"name_embedding\", node.name_embedding)"
main-evaluator	"node CALL db.create.setNodeVectorProperty(n, \"name_embedding\", node.name_embedding)"
main-evaluator	"node CALL db.create.setNodeVectorProperty(n, \"name_embedding\", node.name_embedding)"
main-evaluator	"node CALL db.create.setNodeVectorProperty(n, \"name_embedding\", node.name_embedding)"
main-evaluator	"node CALL db.create.setNodeVectorProperty(n, \"name_embedding\", node.name_embedding)"
main-evaluator	"node CALL db.create.setNodeVectorProperty(n, \"name_embedding\", node.name_embedding)"
main-evaluator	"node CALL db.create.setNodeVectorProperty(n, \"name_embedding\", node.name_embedding)"
main-evaluator	"node CALL db.create.setNodeVectorProperty(n, \"name_embedding\", node.name_embedding)"
main-evaluator	"node CALL db.create.setNodeVectorProperty(n, \"name_embedding\", node.name_embedding)"
main-evaluator	"node CALL db.create.setNodeVectorProperty(n, \"name_embedding\", node.name_embedding)"
main-evaluator	"node CALL db.create.setNodeVectorProperty(n, \"name_embedding\", node.name_embedding)"
main-evaluator	"node CALL db.create.setNodeVectorProperty(n, \"name_embedding\", node.name_embedding)"
main-evaluator	"node CALL db.create.setNodeVectorProperty(n, \"name_embedding\", node.name_embedding)"
main-evaluator	"node CALL db.create.setNodeVectorProperty(n, \"name_embedding\", node.name_embedding)"
main-evaluator	"node CALL db.create.setNodeVectorProperty(n, \"name_embedding\", node.name_embedding)"
main-evaluator	"node CALL db.create.setNodeVectorProperty(n, \"name_embedding\", node.name_embedding)"
main-evaluator	"node CALL db.create.setNodeVectorProperty(n, \"name_embedding\", node.name_embedding)"
main-evaluator	"node CALL db.create.setNodeVectorProperty(n, \"name_embedding\", node.name_embedding)"
main-evaluator	"node CALL db.create.setNodeVectorProperty(n, \"name_embedding\", node.name_embedding)"
main-evaluator	"node CALL db.create.setNodeVectorProperty(n, \"name_embedding\", node.name_embedding)"
main-evaluator	"node CALL db.create.setNodeVectorProperty(n, \"name_embedding\", node.name_embedding)"
main-evaluator	"node CALL db.create.setNodeVectorProperty(n, \"name_embedding\", node.name_embedding)"
main-evaluator	"node CALL db.create.setNodeVectorProperty(n, \"name_embedding\", node.name_embedding)"
main-evaluator	"node CALL db.create.setNodeVectorProperty(n, \"name_embedding\", node.name_embedding)"
main-evaluator	"node CALL db.create.setNodeVectorProperty(n, \"name_embedding\", node.name_embedding)"
main-evaluator	"node CALL db.create.setNodeVectorProperty(n, \"name_embedding\", node.name_embedding)"
main-evaluator	"node CALL db.create.setNodeVectorProperty(n, \"name_embedding\", node.name_embedding)"
main-evaluator	"node CALL db.create.setNodeVectorProperty(n, \"name_embedding\", node.name_embedding)"
main-evaluator	"node CALL db.create.setNodeVectorProperty(n, \"name_embedding\", node.name_embedding)"
main-evaluator	"node CALL db.create.setNodeVectorProperty(n, \"name_embedding\", node.name_embedding)"
main-evaluator	"node CALL db.create.setNodeVectorProperty(n, \"name_embedding\", node.name_embedding)"
main-evaluator	"node CALL db.create.setNodeVectorProperty(n, \"name_embedding\", node.name_embedding)"
main-evaluator	"node CALL db.create.setNodeVectorProperty(n, \"name_embedding\", node.name_embedding)"
main-evaluator	"node CALL db.create.setNodeVectorProperty(n, \"name_embedding\", node.name_embedding)"
main-evaluator	"node CALL db.create.setNodeVectorProperty(n, \"name_embedding\", node.name_embedding)"
main-evaluator	"node CALL db.create.setNodeVectorProperty(n, \"name_embedding\", node.name_embedding)"
main-evaluator	"node CALL db.create.setNodeVectorProperty(n, \"name_embedding\", node.name_embedding)"
main-evaluator	"node CALL db.create.setNodeVectorProperty(n, \"name_embedding\", node.name_embedding)"
main-evaluator	"node CALL db.create.setNodeVectorProperty(n, \"name_embedding\", node.name_embedding)"
main-evaluator	"node CALL db.create.setNodeVectorProperty(n, \"name_embedding\", node.name_embedding)"
main-evaluator	"node CALL db.create.setNodeVectorProperty(n, \"name_embedding\", node.name_embedding)"
main-evaluator	"node CALL db.create.setNodeVectorProperty(n, \"name_embedding\", node.name_embedding)"
main-evaluator	"node CALL db.create.setNodeVectorProperty(n, \"name_embedding\", node.name_embedding)"
main-evaluator	"node CALL db.create.setNodeVectorProperty(n, \"name_embedding\", node.name_embedding)"
main-evaluator	"node CALL db.create.setNodeVectorProperty(n, \"name_embedding\", node.name_embedding)"
main-evaluator	"node CALL db.create.setNodeVectorProperty(n, \"name_embedding\", node.name_embedding)"
main-evaluator	"node CALL db.create.setNodeVectorProperty(n, \"name_embedding\", node.name_embedding)"
main-evaluator	"node CALL db.create.setNodeVectorProperty(n, \"name_embedding\", node.name_embedding)"
main-evaluator	"node CALL db.create.setNodeVectorProperty(n, \"name_embedding\", node.name_embedding)"
main-evaluator	"node CALL db.create.setNodeVectorProperty(n, \"name_embedding\", node.name_embedding)"
main-evaluator	"node CALL db.create.setNodeVectorProperty(n, \"name_embedding\", node.name_embedding)"
main-evaluator	"node CALL db.create.setNodeVectorProperty(n, \"name_embedding\", node.name_embedding)"
main-evaluator	"node CALL db.create.setNodeVectorProperty(n, \"name_embedding\", node.name_embedding)"
main-evaluator	"node CALL db.create.setNodeVectorProperty(n, \"name_embedding\", node.name_embedding)"
main-evaluator	"node CALL db.create.setNodeVectorProperty(n, \"name_embedding\", node.name_embedding)"
main-evaluator	"node CALL db.create.setNodeVectorProperty(n, \"name_embedding\", node.name_embedding)"
main-evaluator	"node CALL db.create.setNodeVectorProperty(n, \"name_embedding\", node.name_embedding)"
main-evaluator	"node CALL db.create.setNodeVectorProperty(n, \"name_embedding\", node.name_embedding)"
main-evaluator	"node CALL db.create.setNodeVectorProperty(n, \"name_embedding\", node.name_embedding)"
main-evaluator	"node CALL db.create.setNodeVectorProperty(n, \"name_embedding\", node.name_embedding)"
main-evaluator	"node CALL db.create.setNodeVectorProperty(n, \"name_embedding\", node.name_embedding)"
main-evaluator	"node CALL db.create.setNodeVectorProperty(n, \"name_embedding\", node.name_embedding)"
main-evaluator	"node CALL db.create.setNodeVectorProperty(n, \"name_embedding\", node.name_embedding)"
main-evaluator	"node CALL db.create.setNodeVectorProperty(n, \"name_embedding\", node.name_embedding)"
main-evaluator	"node CALL db.create.setNodeVectorProperty(n, \"name_embedding\", node.name_embedding)"
main-evaluator	"node CALL db.create.setNodeVectorProperty(n, \"name_embedding\", node.name_embedding)"
main-evaluator	"node CALL db.create.setNodeVectorProperty(n, \"name_embedding\", node.name_embedding)"
main-evaluator	"node CALL db.create.setNodeVectorProperty(n, \"name_embedding\", node.name_embedding)"
main-evaluator	"node CALL db.create.setNodeVectorProperty(n, \"name_embedding\", node.name_embedding)"
main-evaluator	"node CALL db.create.setNodeVectorProperty(n, \"name_embedding\", node.name_embedding)"
main-evaluator	"node CALL db.create.setNodeVectorProperty(n, \"name_embedding\", node.name_embedding)"
main-evaluator	"node CALL db.create.setNodeVectorProperty(n, \"name_embedding\", node.name_embedding)"
main-evaluator	"node CALL db.create.setNodeVectorProperty(n, \"name_embedding\", node.name_embedding)"
main-evaluator	"node CALL db.create.setNodeVectorProperty(n, \"name_embedding\", node.name_embedding)"
main-evaluator	"node CALL db.create.setNodeVectorProperty(n, \"name_embedding\", node.name_embedding)"
main-evaluator	"node CALL db.create.setNodeVectorProperty(n, \"name_embedding\", node.name_embedding)"
main-evaluator	"node CALL db.create.setNodeVectorProperty(n, \"name_embedding\", node.name_embedding)"
main-evaluator	"node CALL db.create.setNodeVectorProperty(n, \"name_embedding\", node.name_embedding)"
main-evaluator	"node CALL db.create.setNodeVectorProperty(n, \"name_embedding\", node.name_embedding)"
main-evaluator	"node CALL db.create.setNodeVectorProperty(n, \"name_embedding\", node.name_embedding)"
main-evaluator	"node CALL db.create.setNodeVectorProperty(n, \"name_embedding\", node.name_embedding)"
main-evaluator	"node CALL db.create.setNodeVectorProperty(n, \"name_embedding\", node.name_embedding)"
main-evaluator	"node CALL db.create.setNodeVectorProperty(n, \"name_embedding\", node.name_embedding)"
main-evaluator	"node CALL db.create.setNodeVectorProperty(n, \"name_embedding\", node.name_embedding)"
main-evaluator	"node CALL db.create.setNodeVectorProperty(n, \"name_embedding\", node.name_embedding)"
main-evaluator	"node CALL db.create.setNodeVectorProperty(n, \"name_embedding\", node.name_embedding)"
main-evaluator	"node CALL db.create.setNodeVectorProperty(n, \"name_embedding\", node.name_embedding)"
main-evaluator	"node CALL db.create.setNodeVectorProperty(n, \"name_embedding\", node.name_embedding)"
main-evaluator	"node CALL db.create.setNodeVectorProperty(n, \"name_embedding\", node.name_embedding)"
main-evaluator	"node CALL db.create.setNodeVectorProperty(n, \"name_embedding\", node.name_embedding)"
main-evaluator	"node CALL db.create.setNodeVectorProperty(n, \"name_embedding\", node.name_embedding)"
main-evaluator	"node CALL db.create.setNodeVectorProperty(n, \"name_embedding\", node.name_embedding)"
main-evaluator	"node CALL db.create.setNodeVectorProperty(n, \"name_embedding\", node.name_embedding)"
main-evaluator	"node CALL db.create.setNodeVectorProperty(n, \"name_embedding\", node.name_embedding)"
main-evaluator	"node CALL db.create.setNodeVectorProperty(n, \"name_embedding\", node.name_embedding)"
main-evaluator	"node CALL db.create.setNodeVectorProperty(n, \"name_embedding\", node.name_embedding)"
main-evaluator	"node CALL db.create.setNodeVectorProperty(n, \"name_embedding\", node.name_embedding)"
main-evaluator	"node CALL db.create.setNodeVectorProperty(n, \"name_embedding\", node.name_embedding)"
main-evaluator	"node CALL db.create.setNodeVectorProperty(n, \"name_embedding\", node.name_embedding)"
main-evaluator	"node CALL db.create.setNodeVectorProperty(n, \"name_embedding\", node.name_embedding)"
main-evaluator	"node CALL db.create.setNodeVectorProperty(n, \"name_embedding\", node.name_embedding)"
main-evaluator	"node CALL db.create.setNodeVectorProperty(n, \"name_embedding\", node.name_embedding)"
main-evaluator	"node CALL db.create.setNodeVectorProperty(n, \"name_embedding\", node.name_embedding)"
main-evaluator	"node CALL db.create.setNodeVectorProperty(n, \"name_embedding\", node.name_embedding)"
main-evaluator	"node CALL db.create.setNodeVectorProperty(n, \"name_embedding\", node.name_embedding)"
main-evaluator	"node CALL db.create.setNodeVectorProperty(n, \"name_embedding\", node.name_embedding)"
main-evaluator	"node CALL db.create.setNodeVectorProperty(n, \"name_embedding\", node.name_embedding)"
main-evaluator	"node CALL db.create.setNodeVectorProperty(n, \"name_embedding\", node.name_embedding)"
main-evaluator	"node CALL db.create.setNodeVectorProperty(n, \"name_embedding\", node.name_embedding)"
main-evaluator	"node CALL db.create.setNodeVectorProperty(n, \"name_embedding\", node.name_embedding)"
main-evaluator	"node CALL db.create.setNodeVectorProperty(n, \"name_embedding\", node.name_embedding)"
main-evaluator	"node CALL db.create.setNodeVectorProperty(n, \"name_embedding\", node.name_embedding)"
main-evaluator	"node CALL db.create.setNodeVectorProperty(n, \"name_embedding\", node.name_embedding)"
main-evaluator	"node CALL db.create.setNodeVectorProperty(n, \"name_embedding\", node.name_embedding)"
main-evaluator	"node CALL db.create.setNodeVectorProperty(n, \"name_embedding\", node.name_embedding)"
main-evaluator	"node CALL db.create.setNodeVectorProperty(n, \"name_embedding\", node.name_embedding)"
main-evaluator	"node CALL db.create.setNodeVectorProperty(n, \"name_embedding\", node.name_embedding)"
main-evaluator	"node CALL db.create.setNodeVectorProperty(n, \"name_embedding\", node.name_embedding)"
main-evaluator	"node CALL db.create.setNodeVectorProperty(n, \"name_embedding\", node.name_embedding)"
main-evaluator	"node CALL db.create.setNodeVectorProperty(n, \"name_embedding\", node.name_embedding)"
main-evaluator	"node CALL db.create.setNodeVectorProperty(n, \"name_embedding\", node.name_embedding)"
main-evaluator	"node CALL db.create.setNodeVectorProperty(n, \"name_embedding\", node.name_embedding)"
main-evaluator	"node CALL db.create.setNodeVectorProperty(n, \"name_embedding\", node.name_embedding)"
where-literal	"$name"
values-evaluator	"1"
values-evaluator	"1"
values-evaluator	"2"
values-evaluator	"1"
values-evaluator	"missing"
values-evaluator	"2"
where-literal	"kalman.init({measurementNoise: 5.0})"
where-literal	"'n1' OR"
values-evaluator	"missing"
values-evaluator	"totally_unknown_condition"
values-evaluator	"missing"
values-evaluator	"'v'"
values-evaluator	"'hit'"
values-evaluator	"'closed'"
values-evaluator	"'open'"
values-evaluator	"1"
values-evaluator	"2"
values-evaluator	"0"
values-evaluator	"'y'"
values-evaluator	"'y'"
values-evaluator	"missing"
values-evaluator	"missing"
values-evaluator	"3"
values-evaluator	"2"
values-evaluator	"9"
values-evaluator	"2"
main-evaluator	"entity:Memory"
main-evaluator	"ghost.prop"
main-evaluator	"$vals"
set-evaluator	"CASE WHEN null IS NULL THEN null ELSE datetime(null) END"
main-evaluator	"RETURN a"
main-evaluator	"now\nCALL {\n  WITH o, existing, targetLang, translatedText, submitter, isRefetch, now\n  WITH o, exist"
main-evaluator	"[:TRANSLATES_TO]-"
main-evaluator	"now\nCALL {\n  WITH o, existing, targetLang, translatedText, submitter, isRefetch, now\n  WITH o, exist"
main-evaluator	"(t)\n  RETURN t\n  UNION\n  WITH existing, translatedText, submitter\n  WHERE existing IS NOT NULL\n  SET"
main-evaluator	"translatedText,\n      existing.auditedText"
main-evaluator	"null,\n      existing.isReviewed"
main-evaluator	"false,\n      existing.reviewResult"
main-evaluator	"null,\n      existing.reviewedAt"
main-evaluator	"null,\n      existing.submitter"
main-evaluator	"coalesce(existing.submitter, submitter),\n      existing.isRefetch"
main-evaluator	"CASE\n        WHEN existing.submitter"
main-evaluator	"existing.isRefetch"
main-evaluator	"existing.isRefetch"
main-evaluator	"t.createdAt"
main-evaluator	"t.language"
main-evaluator	"t.translationId"
main-evaluator	"t.translatedText"
main-evaluator	"t.auditedText"
main-evaluator	"t.isReviewed"
main-evaluator	"t.reviewResult"
main-evaluator	"t.reviewedAt"
main-evaluator	"t.submitter"
main-evaluator	"t.isRefetch"
main-evaluator	"now\nCALL {\n  WITH o, existing, targetLang, translatedText, submitter, isRefetch, now\n  WITH o, exist"
main-evaluator	"[:TRANSLATES_TO]-"
main-evaluator	"now\nCALL {\n  WITH o, existing, targetLang, translatedText, submitter, isRefetch, now\n  WITH o, exist"
main-evaluator	"(t)\n  RETURN t\n  UNION\n  WITH existing, translatedText, submitter\n  WHERE existing IS NOT NULL\n  SET"
main-evaluator	"translatedText,\n      existing.auditedText"
main-evaluator	"null,\n      existing.isReviewed"
main-evaluator	"false,\n      existing.reviewResult"
main-evaluator	"null,\n      existing.reviewedAt"
main-evaluator	"null,\n      existing.submitter"
main-evaluator	"coalesce(existing.submitter, submitter),\n      existing.isRefetch"
main-evaluator	"CASE\n        WHEN existing.submitter"
main-evaluator	"existing.isRefetch"
main-evaluator	"existing.isRefetch"
main-evaluator	"t.createdAt"
main-evaluator	"t.language"
main-evaluator	"t.translationId"
main-evaluator	"t.translatedText"
main-evaluator	"t.auditedText"
main-evaluator	"t.isReviewed"
main-evaluator	"t.reviewResult"
main-evaluator	"t.reviewedAt"
main-evaluator	"t.submitter"
main-evaluator	"t.isRefetch"
main-evaluator	"[label IN labels(f)"
values-evaluator	"[label IN labels(f)"
main-evaluator	"[label IN labels(f)"
values-evaluator	"[label IN labels(f)"
main-evaluator	"true\n\t\t\tMERGE (n)"
main-evaluator	"[:HAS_CHUNK {index: 0}]-"
main-evaluator	"true\n\t\t\tMERGE (n)-[:HAS_CHUNK {index: 0}]-"
main-evaluator	"[label IN labels(f)"
values-evaluator	"[label IN labels(f)"
main-evaluator	"*"
main-evaluator	"zzz.prop"
main-evaluator	"zzz.prop"
values-evaluator	"unknownExpr"
values-evaluator	"missing"
main-evaluator	"n\nCREAT (m:ImplicitRollback {id: 2})"
values-evaluator	"n\nCREAT (m:ImplicitRollback {id: 2})"
main-evaluator	"n\nCREAT (m:ImplicitRollback {id: 2})"
values-evaluator	"n\nCREAT (m:ImplicitRollback {id: 2})"
values-evaluator	"unknownExpr"
values-evaluator	"missing"
values-evaluator	"'a1'"
values-evaluator	"'a1'"
values-evaluator	"'a1'"
values-evaluator	"'a1'"
values-evaluator	"'a1'"
values-evaluator	"'a1'"
values-evaluator	"'a1'"
values-evaluator	"'a1'"
values-evaluator	"'source'"
values-evaluator	"'source'"
main-evaluator	"row.ordinal"
main-evaluator	"row.ordinal"
values-evaluator	"'a1'"
values-evaluator	"'a1'"
values-evaluator	"'a1'"
values-evaluator	"'a1'"
values-evaluator	"'a1'"
values-evaluator	"'a1'"
values-evaluator	"'a1'"
main-evaluator	"row.match_uuid"
main-evaluator	"row.match_uuid"
main-evaluator	"row.match_uuid"
where-literal	"datetime('2024-01-01T00:00:00Z')"
where-literal	"datetime('2024-02-01T00:00:00Z')"
where-literal	"datetime('2024-01-15T00:00:00Z')"
where-literal	"datetime('2024-03-01T00:00:00Z')"
where-literal	"datetime('2024-02-01T00:00:00Z')"
where-literal	"datetime('2024-03-01T00:00:00Z')"
where-literal	"datetime('2025-11-27T10:30:00Z')"
where-literal	"localdatetime()"
where-literal	"localdatetime()"
where-literal	"datetime('2025-11-27T10:30:00Z')"
values-evaluator	"group_id"
main-evaluator	"s LIMIT 2"
values-evaluator	"s LIMIT 2"
main-evaluator	"s SKIP 2 LIMIT 2"
values-evaluator	"s SKIP 2 LIMIT 2"
main-evaluator	"t\n\t\t}"
main-evaluator	"t\n\t\t}"
main-evaluator	"t   ORDER BY 1 DESC"
values-evaluator	"null"
main-evaluator	"t.translatedText"
values-evaluator	"t.translatedText"
values-evaluator	"'a'"
values-evaluator	"'a'"
main-evaluator	"true\n\t\tMERGE (s)"
main-evaluator	"[rel:DISPATCHES_TO]-"
main-evaluator	"true\n\t\tMERGE (s)-[rel:DISPATCHES_TO]-"
main-evaluator	"(t)\n\t\tON CREATE"
where-literal	"datetime()"
main-evaluator	"*"
where-literal	"$name"
main-evaluator	"[label IN labels(f)"
values-evaluator	"[label IN labels(f)"
values-evaluator	"'projector/canonical'"
values-evaluator	"'projector/canonical'"
values-evaluator	"'projector/canonical'"
main-evaluator	"row.uuid"
main-evaluator	"row.uuid"
set-evaluator	"CASE WHEN null IS NULL THEN null ELSE datetime(null) END"
values-evaluator	"null"
values-evaluator	"null"
set-evaluator	"CASE WHEN null IS NULL THEN null ELSE datetime(null) END"
main-evaluator	"'caller-"
main-evaluator	"callee'"
main-evaluator	"'caller-"
main-evaluator	"callee' = ''"
set-evaluator	"CASE WHEN null IS NULL THEN null ELSE datetime(null) END"
main-evaluator	"'caller-"
main-evaluator	"callee'"
main-evaluator	"'caller-"
main-evaluator	"callee' = ''"
set-evaluator	"CASE WHEN null IS NULL THEN null ELSE datetime(null) END"
main-evaluator	"'caller2-"
main-evaluator	"callee'"
main-evaluator	"'caller2-"
main-evaluator	"callee' = ''"
set-evaluator	"CASE WHEN null IS NULL THEN null ELSE datetime(null) END"
main-evaluator	"'caller-"
main-evaluator	"callee'"
main-evaluator	"'caller-"
main-evaluator	"callee' = ''"
set-evaluator	"CASE WHEN null IS NULL THEN null ELSE datetime(null) END"
main-evaluator	"'caller-"
main-evaluator	"callee'"
main-evaluator	"'caller-"
main-evaluator	"callee' = ''"
set-evaluator	"CASE WHEN null IS NULL THEN null ELSE datetime(null) END"
main-evaluator	"'caller-"
main-evaluator	"callee'"
main-evaluator	"'caller-"
main-evaluator	"callee' = ''"
set-evaluator	"CASE WHEN null IS NULL THEN null ELSE datetime(null) END"
main-evaluator	"'caller-"
main-evaluator	"callee'"
main-evaluator	"'caller-"
main-evaluator	"callee' = ''"
set-evaluator	"CASE WHEN null IS NULL THEN null ELSE datetime(null) END"
main-evaluator	"'caller-"
main-evaluator	"callee'"
main-evaluator	"'caller-"
main-evaluator	"callee' = ''"
set-evaluator	"CASE WHEN null IS NULL THEN null ELSE datetime(null) END"
main-evaluator	"'caller-"
main-evaluator	"callee'"
main-evaluator	"'caller-"
main-evaluator	"callee' = ''"
set-evaluator	"CASE WHEN null IS NULL THEN null ELSE datetime(null) END"
main-evaluator	"'caller-"
main-evaluator	"callee'"
main-evaluator	"'caller-"
main-evaluator	"callee' = ''"
set-evaluator	"CASE WHEN null IS NULL THEN null ELSE datetime(null) END"
main-evaluator	"'caller-"
main-evaluator	"callee'"
main-evaluator	"'caller-"
main-evaluator	"callee' = ''"
set-evaluator	"CASE WHEN null IS NULL THEN null ELSE datetime(null) END"
main-evaluator	"'caller-"
main-evaluator	"callee'"
main-evaluator	"'caller-"
main-evaluator	"callee' = ''"
set-evaluator	"CASE WHEN null IS NULL THEN null ELSE datetime(null) END"
main-evaluator	"'caller-"
main-evaluator	"callee'"
main-evaluator	"'caller-"
main-evaluator	"callee' = ''"
set-evaluator	"CASE WHEN null IS NULL THEN null ELSE datetime(null) END"
main-evaluator	"'caller-"
main-evaluator	"callee'"
main-evaluator	"'caller-"
main-evaluator	"callee' = ''"
set-evaluator	"CASE WHEN null IS NULL THEN null ELSE datetime(null) END"
main-evaluator	"'caller-"
main-evaluator	"callee'"
main-evaluator	"'caller-"
main-evaluator	"callee' = ''"
set-evaluator	"CASE WHEN null IS NULL THEN null ELSE datetime(null) END"
main-evaluator	"'caller-"
main-evaluator	"callee'"
main-evaluator	"'caller-"
main-evaluator	"callee' = ''"
set-evaluator	"CASE WHEN null IS NULL THEN null ELSE datetime(null) END"
main-evaluator	"'caller-"
main-evaluator	"callee'"
main-evaluator	"'caller-"
main-evaluator	"callee' = ''"
set-evaluator	"CASE WHEN null IS NULL THEN null ELSE datetime(null) END"
main-evaluator	"'caller-"
main-evaluator	"callee'"
main-evaluator	"'caller-"
main-evaluator	"callee' = ''"
set-evaluator	"CASE WHEN null IS NULL THEN null ELSE datetime(null) END"
main-evaluator	"'caller-"
main-evaluator	"callee'"
main-evaluator	"'caller-"
main-evaluator	"callee' = ''"
set-evaluator	"CASE WHEN null IS NULL THEN null ELSE datetime(null) END"
main-evaluator	"'caller-"
main-evaluator	"callee'"
main-evaluator	"'caller-"
main-evaluator	"callee' = ''"
set-evaluator	"CASE WHEN null IS NULL THEN null ELSE datetime(null) END"
main-evaluator	"'caller-"
main-evaluator	"callee'"
main-evaluator	"'caller-"
main-evaluator	"callee' = ''"
set-evaluator	"CASE WHEN null IS NULL THEN null ELSE datetime(null) END"
main-evaluator	"'caller-"
main-evaluator	"callee'"
main-evaluator	"'caller-"
main-evaluator	"callee' = ''"
set-evaluator	"CASE WHEN null IS NULL THEN null ELSE datetime(null) END"
main-evaluator	"'caller-"
main-evaluator	"callee'"
main-evaluator	"'caller-"
main-evaluator	"callee' = ''"
set-evaluator	"CASE WHEN null IS NULL THEN null ELSE datetime(null) END"
main-evaluator	"'caller-"
main-evaluator	"callee'"
main-evaluator	"'caller-"
main-evaluator	"callee' = ''"
set-evaluator	"CASE WHEN null IS NULL THEN null ELSE datetime(null) END"
main-evaluator	"'caller-"
main-evaluator	"callee'"
main-evaluator	"'caller-"
main-evaluator	"callee' = ''"
set-evaluator	"CASE WHEN null IS NULL THEN null ELSE datetime(null) END"
main-evaluator	"'caller-"
main-evaluator	"callee'"
main-evaluator	"'caller-"
main-evaluator	"callee' = ''"
set-evaluator	"CASE WHEN null IS NULL THEN null ELSE datetime(null) END"
main-evaluator	"'caller-"
main-evaluator	"callee'"
main-evaluator	"'caller-"
main-evaluator	"callee' = ''"
set-evaluator	"CASE WHEN null IS NULL THEN null ELSE datetime(null) END"
main-evaluator	"'caller-"
main-evaluator	"callee'"
main-evaluator	"'caller-"
main-evaluator	"callee' = ''"
set-evaluator	"CASE WHEN null IS NULL THEN null ELSE datetime(null) END"
main-evaluator	"'caller-"
main-evaluator	"callee'"
main-evaluator	"'caller-"
main-evaluator	"callee' = ''"
set-evaluator	"CASE WHEN null IS NULL THEN null ELSE datetime(null) END"
main-evaluator	"'caller-"
main-evaluator	"callee'"
main-evaluator	"'caller-"
main-evaluator	"callee' = ''"
set-evaluator	"CASE WHEN null IS NULL THEN null ELSE datetime(null) END"
main-evaluator	"'caller-"
main-evaluator	"callee'"
main-evaluator	"'caller-"
main-evaluator	"callee' = ''"
set-evaluator	"CASE WHEN null IS NULL THEN null ELSE datetime(null) END"
main-evaluator	"'caller-"
main-evaluator	"callee'"
main-evaluator	"'caller-"
main-evaluator	"callee' = ''"
set-evaluator	"CASE WHEN null IS NULL THEN null ELSE datetime(null) END"
main-evaluator	"'caller-"
main-evaluator	"callee'"
main-evaluator	"'caller-"
main-evaluator	"callee' = ''"
set-evaluator	"CASE WHEN null IS NULL THEN null ELSE datetime(null) END"
main-evaluator	"'caller-"
main-evaluator	"callee'"
main-evaluator	"'caller-"
main-evaluator	"callee' = ''"
set-evaluator	"CASE WHEN null IS NULL THEN null ELSE datetime(null) END"
main-evaluator	"'caller-"
main-evaluator	"callee'"
main-evaluator	"'caller-"
main-evaluator	"callee' = ''"
set-evaluator	"CASE WHEN null IS NULL THEN null ELSE datetime(null) END"
main-evaluator	"'caller-"
main-evaluator	"callee'"
main-evaluator	"'caller-"
main-evaluator	"callee' = ''"
set-evaluator	"CASE WHEN null IS NULL THEN null ELSE datetime(null) END"
main-evaluator	"'caller-"
main-evaluator	"callee'"
main-evaluator	"'caller-"
main-evaluator	"callee' = ''"
set-evaluator	"CASE WHEN null IS NULL THEN null ELSE datetime(null) END"
main-evaluator	"'caller-"
main-evaluator	"callee'"
main-evaluator	"'caller-"
main-evaluator	"callee' = ''"
set-evaluator	"CASE WHEN null IS NULL THEN null ELSE datetime(null) END"
main-evaluator	"'caller-"
main-evaluator	"callee'"
main-evaluator	"'caller-"
main-evaluator	"callee' = ''"
set-evaluator	"CASE WHEN null IS NULL THEN null ELSE datetime(null) END"
main-evaluator	"'caller-"
main-evaluator	"callee'"
main-evaluator	"'caller-"
main-evaluator	"callee' = ''"
set-evaluator	"CASE WHEN null IS NULL THEN null ELSE datetime(null) END"
main-evaluator	"'caller-"
main-evaluator	"callee'"
main-evaluator	"'caller-"
main-evaluator	"callee' = ''"
set-evaluator	"CASE WHEN null IS NULL THEN null ELSE datetime(null) END"
main-evaluator	"'caller-"
main-evaluator	"callee'"
main-evaluator	"'caller-"
main-evaluator	"callee' = ''"
set-evaluator	"CASE WHEN null IS NULL THEN null ELSE datetime(null) END"
main-evaluator	"'caller-"
main-evaluator	"callee'"
main-evaluator	"'caller-"
main-evaluator	"callee' = ''"
set-evaluator	"CASE WHEN null IS NULL THEN null ELSE datetime(null) END"
main-evaluator	"'caller-"
main-evaluator	"callee'"
main-evaluator	"'caller-"
main-evaluator	"callee' = ''"
set-evaluator	"CASE WHEN null IS NULL THEN null ELSE datetime(null) END"
main-evaluator	"'caller-"
main-evaluator	"callee'"
main-evaluator	"'caller-"
main-evaluator	"callee' = ''"
set-evaluator	"CASE WHEN null IS NULL THEN null ELSE datetime(null) END"
main-evaluator	"'caller-"
main-evaluator	"callee'"
main-evaluator	"'caller-"
main-evaluator	"callee' = ''"
set-evaluator	"CASE WHEN null IS NULL THEN null ELSE datetime(null) END"
main-evaluator	"'caller-"
main-evaluator	"callee'"
main-evaluator	"'caller-"
main-evaluator	"callee' = ''"
set-evaluator	"CASE WHEN null IS NULL THEN null ELSE datetime(null) END"
main-evaluator	"'caller-"
main-evaluator	"callee'"
main-evaluator	"'caller-"
main-evaluator	"callee' = ''"
set-evaluator	"CASE WHEN null IS NULL THEN null ELSE datetime(null) END"
main-evaluator	"'caller-"
main-evaluator	"callee'"
main-evaluator	"'caller-"
main-evaluator	"callee' = ''"
set-evaluator	"CASE WHEN null IS NULL THEN null ELSE datetime(null) END"
main-evaluator	"'caller-"
main-evaluator	"callee'"
main-evaluator	"'caller-"
main-evaluator	"callee' = ''"
set-evaluator	"CASE WHEN null IS NULL THEN null ELSE datetime(null) END"
main-evaluator	"'caller-"
main-evaluator	"callee'"
main-evaluator	"'caller-"
main-evaluator	"callee' = ''"
set-evaluator	"CASE WHEN null IS NULL THEN null ELSE datetime(null) END"
main-evaluator	"'caller-"
main-evaluator	"callee'"
main-evaluator	"'caller-"
main-evaluator	"callee' = ''"
set-evaluator	"CASE WHEN null IS NULL THEN null ELSE datetime(null) END"
main-evaluator	"'caller-"
main-evaluator	"callee'"
main-evaluator	"'caller-"
main-evaluator	"callee' = ''"
set-evaluator	"CASE WHEN null IS NULL THEN null ELSE datetime(null) END"
main-evaluator	"'caller-"
main-evaluator	"callee'"
main-evaluator	"'caller-"
main-evaluator	"callee' = ''"
set-evaluator	"CASE WHEN null IS NULL THEN null ELSE datetime(null) END"
main-evaluator	"'caller-"
main-evaluator	"callee'"
main-evaluator	"'caller-"
main-evaluator	"callee' = ''"
set-evaluator	"CASE WHEN null IS NULL THEN null ELSE datetime(null) END"
main-evaluator	"'caller-"
main-evaluator	"callee'"
main-evaluator	"'caller-"
main-evaluator	"callee' = ''"
set-evaluator	"CASE WHEN null IS NULL THEN null ELSE datetime(null) END"
main-evaluator	"'caller-"
main-evaluator	"callee'"
main-evaluator	"'caller-"
main-evaluator	"callee' = ''"
set-evaluator	"CASE WHEN null IS NULL THEN null ELSE datetime(null) END"
main-evaluator	"'caller-"
main-evaluator	"callee'"
main-evaluator	"'caller-"
main-evaluator	"callee' = ''"
set-evaluator	"CASE WHEN null IS NULL THEN null ELSE datetime(null) END"
main-evaluator	"'caller-"
main-evaluator	"callee'"
main-evaluator	"'caller-"
main-evaluator	"callee' = ''"
set-evaluator	"CASE WHEN null IS NULL THEN null ELSE datetime(null) END"
main-evaluator	"'caller-"
main-evaluator	"callee'"
main-evaluator	"'caller-"
main-evaluator	"callee' = ''"
set-evaluator	"CASE WHEN null IS NULL THEN null ELSE datetime(null) END"
main-evaluator	"'caller-"
main-evaluator	"callee'"
main-evaluator	"'caller-"
main-evaluator	"callee' = ''"
set-evaluator	"CASE WHEN null IS NULL THEN null ELSE datetime(null) END"
main-evaluator	"'caller-"
main-evaluator	"callee'"
main-evaluator	"'caller-"
main-evaluator	"callee' = ''"
set-evaluator	"CASE WHEN null IS NULL THEN null ELSE datetime(null) END"
main-evaluator	"'caller-"
main-evaluator	"callee'"
main-evaluator	"'caller-"
main-evaluator	"callee' = ''"
set-evaluator	"CASE WHEN null IS NULL THEN null ELSE datetime(null) END"
main-evaluator	"'caller-"
main-evaluator	"callee'"
main-evaluator	"'caller-"
main-evaluator	"callee' = ''"
set-evaluator	"CASE WHEN null IS NULL THEN null ELSE datetime(null) END"
main-evaluator	"'caller-"
main-evaluator	"callee'"
main-evaluator	"'caller-"
main-evaluator	"callee' = ''"
set-evaluator	"CASE WHEN null IS NULL THEN null ELSE datetime(null) END"
main-evaluator	"'caller-"
main-evaluator	"callee'"
main-evaluator	"'caller-"
main-evaluator	"callee' = ''"
set-evaluator	"CASE WHEN null IS NULL THEN null ELSE datetime(null) END"
main-evaluator	"'caller-"
main-evaluator	"callee'"
main-evaluator	"'caller-"
main-evaluator	"callee' = ''"
values-evaluator	"null"
main-evaluator	"null.originalText"
where-literal	"datetime()"
